static,dynamic,duration,type_comms,nb_deps_seq,chains_length,is_pipeline,nb_chains,topology,id_run
321.36,161.83,6372.85,push,3,1,False,3,clique,0
18879.9,205.3,186793.87,push,3,5,True,1,star,8
62665.2,479.16,439261.07,pull_anticipation,5,3,True,3,star,3
12934.74,488.77,92542.32,push,5,3,False,3,clique,0
49248.42,930.71,190658.83,pull_anticipation,5,5,True,3,clique,8
13979.16,203.87,229466.1,pull_anticipation,5,3,False,1,star,2
68530.02,304.81,478701.28,push,3,3,False,3,star,0
138827.52,948.43,522873.83,pull,5,5,True,3,clique,2
12854.4,503.68,93265.44,push,5,3,True,3,clique,9
18799.56,204.56,307981.54,push,5,3,True,1,star,4
4579.38,122.84,77024.68,push,3,3,False,1,clique,2
5945.16,204.1,100319.1,push,5,3,False,1,clique,0
11327.94,203.41,185213.48,pull_anticipation,5,3,True,1,star,8
21450.78,204.55,350528.62,pull_anticipation,5,3,True,1,clique,5
28922.4,123.18,471321.76,push,3,3,True,1,star,6
27476.28,125.24,447316.23,push,3,3,True,1,clique,1
98818.2,489.89,689926.31,pull,5,3,True,3,clique,3
320154.9,352.72,3114945.72,pull,5,5,False,1,star,7
29565.12,346.71,289961.19,push,5,5,True,1,star,9
77849.46,480.53,543578.02,pull_anticipation,5,3,False,3,star,1
21450.78,204.0,350528.62,pull_anticipation,5,3,False,1,star,5
8034.0,205.33,81341.68,push,3,5,False,1,clique,8
9801.48,340.14,100319.1,push,5,5,True,1,star,0
4579.38,122.84,77024.68,push,3,3,False,1,star,2
7551.96,206.97,77024.68,push,3,5,False,1,clique,2
9881.82,208.55,161891.49,push,5,3,True,1,clique,3
18799.56,123.02,307981.54,push,3,3,True,1,star,4
6909.24,122.1,115033.51,pull_anticipation,3,3,True,1,star,7
6909.24,122.59,115033.51,push,3,3,True,1,clique,7
11488.62,350.66,116108.99,push,5,5,False,1,clique,7
11488.62,343.0,116108.99,push,5,5,True,1,clique,7
11488.62,210.63,116108.99,push,3,5,False,1,clique,7
10604.88,291.56,77024.68,push,3,3,False,3,clique,2
13979.16,122.5,229466.1,pull,3,3,True,1,star,2
19281.6,521.11,140088.02,push,5,3,True,3,clique,0
8034.0,212.7,81395.79,push,3,5,False,1,clique,3
24664.38,342.74,245037.11,pull_anticipation,5,5,True,1,clique,7
18719.22,306.2,134203.53,push,3,3,False,3,clique,8
29565.12,208.58,289961.19,push,3,5,True,1,star,9
26994.24,288.79,190943.31,pull_anticipation,3,3,True,3,clique,6
25307.1,122.72,413293.62,pull,3,3,True,1,star,0
30529.2,367.03,299412.37,push,5,5,True,1,clique,1
5945.16,121.98,100319.1,pull_anticipation,3,3,True,1,clique,0
19442.28,122.61,319511.22,pull_anticipation,3,3,True,1,star,3
18879.9,357.89,186793.87,push,5,5,True,1,clique,8
14220.18,302.1,102500.14,push,3,3,False,3,clique,6
52221.0,204.79,849527.44,pull,5,3,True,1,star,3
52462.02,212.55,513737.46,push,3,5,True,1,star,3
17192.76,488.4,123979.03,pull_anticipation,5,3,True,3,clique,7
69895.8,343.79,682612.79,pull_anticipation,5,5,True,1,star,4
19281.6,313.5,140088.02,push,3,3,True,3,clique,0
67244.58,505.01,471734.55,push,5,3,True,3,star,6
66200.16,477.63,464050.15,pull_anticipation,5,3,True,3,star,8
48043.32,347.74,471321.76,push,5,5,True,1,star,6
94961.88,289.32,663482.51,pull,3,3,True,3,star,7
18719.22,481.44,134203.53,pull_anticipation,5,3,False,3,clique,8
46195.5,205.21,750847.86,pull,5,3,True,1,clique,4
62665.2,491.76,439261.07,push,5,3,True,3,star,3
9801.48,343.37,100319.1,push,5,5,False,1,clique,0
24021.66,122.83,392631.37,pull,3,3,False,1,clique,8
5945.16,203.84,100319.1,push,5,3,True,1,clique,0
68931.72,345.98,674761.67,pull,5,5,False,1,clique,9
127338.9,596.08,479898.72,push,3,5,False,3,star,0
10845.9,478.26,81501.46,pull_anticipation,5,3,False,3,clique,1
5945.16,203.11,100319.1,pull_anticipation,5,3,True,1,clique,0
102192.48,574.37,385574.37,push,3,5,False,3,star,5
134730.18,292.4,939832.18,pull,3,3,True,3,star,4
13818.48,204.7,140088.02,pull_anticipation,3,5,False,1,clique,0
32537.7,487.95,229633.5,push,5,3,False,3,star,7
23780.64,925.78,92542.32,pull_anticipation,5,5,False,3,clique,0
6909.24,204.13,115033.51,push,5,3,True,1,clique,7
49971.48,287.55,350528.62,pull_anticipation,3,3,True,3,star,5
40250.34,477.9,284601.25,pull_anticipation,5,3,True,3,star,2
196350.96,212.11,1911329.14,pull,3,5,False,1,star,6
195627.9,295.48,1361371.01,pull,3,3,False,3,star,6
39768.3,123.53,647854.07,pull,3,3,False,1,clique,3
67244.58,303.96,471734.55,push,3,3,True,3,star,6
42098.16,934.5,161891.49,pull_anticipation,5,5,True,3,clique,3
13818.48,340.65,140088.02,pull_anticipation,5,5,False,1,clique,0
18799.56,122.66,307981.54,pull_anticipation,3,3,False,1,clique,4
203822.58,212.56,1986697.6,pull,3,5,False,1,star,2
178676.16,292.83,1244523.53,pull,3,3,True,3,star,3
4579.38,204.6,77024.68,push,5,3,False,1,clique,2
69895.8,207.36,682612.79,pull_anticipation,3,5,True,1,star,4
21450.78,122.76,350528.62,pull_anticipation,3,3,False,1,star,5
17755.14,311.29,128026.81,push,3,3,True,3,clique,5
17996.16,482.88,128484.47,pull_anticipation,5,3,True,3,clique,3
9881.82,122.12,161307.04,pull_anticipation,3,3,False,1,clique,7
14943.24,325.64,108898.72,push,3,3,True,3,clique,3
67244.58,477.7,471734.55,pull_anticipation,5,3,True,3,star,6
20567.04,478.52,147394.14,pull_anticipation,5,3,False,3,clique,4
275325.18,914.02,1034496.99,pull_anticipation,5,5,False,3,star,7
74796.54,486.54,522873.83,pull,5,3,False,3,clique,2
19442.28,125.89,319511.22,push,3,3,False,1,star,3
217882.08,212.7,2123520.31,pull,3,5,False,1,star,7
7792.98,207.78,81501.46,push,3,5,False,1,clique,1
138345.48,943.67,522934.32,pull,5,5,True,3,clique,5
4579.38,204.6,77024.68,push,5,3,False,1,star,2
23780.64,290.14,169003.73,pull_anticipation,3,3,True,3,clique,5
52462.02,343.86,513737.46,pull_anticipation,5,5,True,1,star,3
313084.98,353.11,3048351.71,pull,5,5,False,1,star,2
15987.66,326.07,116108.99,push,3,3,False,3,clique,7
256686.3,546.06,963780.93,pull,3,5,True,3,star,9
18076.5,550.76,73004.02,pull_anticipation,3,5,False,3,clique,1
97050.72,571.45,366338.2,pull,3,5,True,3,clique,2
47480.94,124.0,772565.53,pull,3,3,False,1,star,2
72064.98,344.8,704044.65,pull,5,5,False,1,clique,8
40250.34,301.34,284601.25,push,3,3,False,3,star,2
238047.42,747.23,893911.4,push,3,5,False,3,star,2
127338.9,893.67,479898.72,pull_anticipation,5,5,True,3,star,0
18799.56,203.9,307981.54,pull_anticipation,5,3,False,1,star,4
19843.98,628.89,77627.63,push,3,5,False,3,clique,8
36153.0,204.26,588202.58,pull_anticipation,5,3,False,1,star,6
9801.48,341.26,100319.1,push,5,5,True,1,clique,0
164134.62,966.41,620264.94,push,5,5,True,3,star,1
18478.2,204.31,303902.45,pull,5,3,True,1,clique,2
7230.6,122.19,119962.89,pull,3,3,True,1,clique,2
10524.54,298.55,77214.83,push,3,3,False,3,clique,9
13416.78,204.73,134203.53,pull_anticipation,3,5,False,1,clique,8
29565.12,353.58,289961.19,push,5,5,False,1,star,9
16309.02,212.09,161891.49,push,3,5,True,1,clique,3
19442.28,203.84,319511.22,pull_anticipation,5,3,True,1,star,3
7792.98,340.92,81501.46,pull_anticipation,5,5,False,1,clique,1
30529.2,221.23,299412.37,push,3,5,True,1,clique,1
61299.42,343.81,599160.33,pull,5,5,False,1,clique,4
36313.68,204.63,591772.12,pull,5,3,False,1,clique,0
39768.3,123.53,647854.07,pull,3,3,True,1,clique,3
6909.24,203.34,115033.51,pull_anticipation,5,3,True,1,star,7
6748.56,203.33,112581.69,push,5,3,True,1,star,9
95363.58,343.59,930572.91,pull,5,5,True,1,star,8
24503.7,360.86,241476.45,push,5,5,True,1,clique,4
45954.48,205.06,747501.25,pull,5,3,False,1,clique,8
45311.76,207.15,444104.66,pull,3,5,False,1,clique,3
30689.88,205.41,303902.45,pull_anticipation,3,5,True,1,star,2
8034.0,354.1,81395.79,push,5,5,False,1,clique,3
125009.04,892.05,471734.55,pull_anticipation,5,5,True,3,star,6
434800.08,908.0,1631448.33,pull,5,5,True,3,star,3
6748.56,203.39,112581.69,pull_anticipation,5,3,False,1,star,9
7551.96,344.57,77024.68,push,5,5,False,1,clique,2
62665.2,500.61,439261.07,push,5,3,False,3,star,3
403065.78,356.9,3924105.83,pull,5,5,False,1,star,4
51578.28,205.07,837811.94,pull,5,3,True,1,star,4
58005.48,343.99,569289.51,pull,5,5,False,1,clique,1
64272.0,289.57,450104.6,pull_anticipation,3,3,False,3,star,5
7471.62,296.6,57960.98,push,3,3,False,3,clique,5
9881.82,125.32,161891.49,push,3,3,True,1,clique,3
10604.88,485.42,77024.68,push,5,3,False,3,clique,2
9881.82,209.08,161891.49,push,5,3,False,1,clique,3
10122.84,204.22,166007.83,push,5,3,False,1,clique,1
69895.8,223.16,682612.79,push,3,5,False,1,star,4
29806.14,291.57,210437.45,pull_anticipation,3,3,True,3,clique,0
4579.38,204.07,77024.68,push,5,3,True,1,star,2
6748.56,203.41,112581.69,pull_anticipation,5,3,True,1,clique,9
11488.62,206.04,116108.99,push,3,5,True,1,clique,7
28922.4,205.25,471321.76,push,5,3,False,1,star,6
8114.34,122.19,134203.53,pull_anticipation,3,3,False,1,clique,8
4579.38,203.27,77024.68,pull_anticipation,5,3,True,1,clique,2
15023.58,204.72,150164.19,pull_anticipation,3,5,False,1,clique,5
74314.5,562.58,284339.18,pull,3,5,False,3,clique,3
18799.56,204.56,307981.54,push,5,3,True,1,clique,4
10122.84,122.67,166007.83,push,3,3,False,1,clique,1
14220.18,496.07,102500.14,push,5,3,True,3,clique,6
6748.56,122.16,112581.69,pull_anticipation,3,3,False,1,clique,9
5945.16,203.28,100319.1,push,5,3,True,1,star,0
28922.4,122.69,471321.76,pull_anticipation,3,3,True,1,star,6
76323.0,289.59,534071.17,pull_anticipation,3,3,False,3,star,9
28922.4,122.68,471321.76,pull_anticipation,3,3,False,1,clique,6
19522.62,545.15,77214.83,pull_anticipation,3,5,False,3,clique,9
11327.94,122.2,185213.48,push,3,3,True,1,star,8
13175.76,205.42,132363.29,pull_anticipation,3,5,False,1,clique,3
10845.9,293.99,81501.46,push,3,3,False,3,clique,1
33501.78,204.34,544215.87,pull_anticipation,5,3,False,1,star,7
19281.6,290.29,140088.02,pull_anticipation,3,3,False,3,clique,0
46034.82,205.11,749285.97,pull,5,3,False,1,clique,9
14862.9,122.39,245037.11,pull,3,3,True,1,clique,7
77929.8,486.45,544215.87,pull,5,3,True,3,clique,7
9801.48,204.24,100319.1,push,3,5,True,1,star,0
54872.22,294.03,385798.67,pull,3,3,True,3,clique,3
33421.44,122.95,543578.02,pull_anticipation,3,3,False,1,star,1
18879.9,341.74,186793.87,push,5,5,True,1,star,8
26271.18,906.28,102500.14,pull_anticipation,5,5,False,3,clique,6
40250.34,500.51,284601.25,push,5,3,False,3,star,2
6748.56,122.11,112581.69,push,3,3,True,1,clique,9
17433.78,290.69,124607.56,pull_anticipation,3,3,True,3,clique,1
12774.06,122.36,210177.07,pull_anticipation,3,3,False,1,star,0
42821.22,206.01,421313.22,pull_anticipation,3,5,False,1,star,2
80420.34,489.6,562014.45,pull,5,3,False,3,clique,3
6748.56,204.13,112581.69,push,5,3,False,1,star,9
27556.62,927.86,108898.72,pull_anticipation,5,5,False,3,clique,3
203340.54,546.01,764470.95,pull_anticipation,3,5,True,3,star,4
9078.42,203.5,150164.19,pull_anticipation,5,3,False,1,clique,5
21450.78,125.37,350528.62,push,3,3,True,1,clique,5
12854.4,480.06,93265.44,pull_anticipation,5,3,False,3,clique,9
33421.44,204.68,543578.02,pull_anticipation,5,3,True,1,star,1
13175.76,479.11,96854.87,pull_anticipation,5,3,False,3,clique,5
30127.5,343.13,295564.8,pull_anticipation,5,5,True,1,clique,5
55675.62,350.75,544215.87,push,5,5,True,1,star,7
6909.24,204.13,115033.51,push,5,3,True,1,star,7
48043.32,205.76,471321.76,pull_anticipation,3,5,True,1,star,6
18719.22,508.74,134203.53,push,5,3,False,3,clique,8
21049.08,225.8,209313.48,push,3,5,True,1,clique,9
8114.34,122.61,134203.53,push,3,3,False,1,clique,8
11327.94,203.43,185213.48,push,5,3,True,1,star,8
46195.5,204.7,752673.49,pull,5,3,True,1,star,5
14862.9,301.99,108099.15,push,3,3,False,3,clique,4
149111.04,540.77,561859.23,pull_anticipation,3,5,True,3,star,1
39768.3,123.21,647854.07,pull,3,3,True,1,star,3
21049.08,207.0,209313.48,pull_anticipation,3,5,True,1,clique,9
27476.28,208.05,447316.23,push,5,3,True,1,clique,1
40491.36,205.48,658662.35,pull,5,3,False,1,clique,1
76644.36,289.94,538103.87,pull_anticipation,3,3,False,3,star,4
55675.62,205.65,543578.02,pull_anticipation,3,5,True,1,star,1
10845.9,287.27,81501.46,pull_anticipation,3,3,False,3,clique,1
67244.58,287.62,471734.55,pull_anticipation,3,3,True,3,star,6
68530.02,288.99,478701.28,pull_anticipation,3,3,False,3,star,0
56077.32,207.17,550111.19,pull,3,5,False,1,clique,7
24343.02,341.44,241690.24,pull_anticipation,5,5,False,1,clique,6
35670.96,354.27,350528.62,push,5,5,False,1,star,5
153449.4,946.03,577050.37,pull,5,5,True,3,clique,9
57925.14,554.25,220039.59,pull,3,5,False,3,clique,2
14220.18,479.87,103290.41,pull_anticipation,5,3,False,3,clique,2
37599.12,123.27,611444.06,pull,3,3,True,1,star,5
33421.44,204.19,543578.02,pull_anticipation,5,3,False,1,star,1
32457.36,344.17,319511.22,pull_anticipation,5,5,True,1,clique,3
173775.42,294.36,1209923.44,pull,3,3,False,3,star,1
203340.54,668.3,764470.95,push,3,5,False,3,star,4
40250.34,488.38,284601.25,push,5,3,True,3,star,2
29806.14,1161.84,116492.98,push,5,5,True,3,clique,7
15666.3,289.61,112898.5,pull_anticipation,3,3,True,3,clique,9
21450.78,125.02,350528.62,push,3,3,True,1,star,5
138506.16,291.73,967570.97,pull,3,3,True,3,star,1
49971.48,293.41,350528.62,push,3,3,True,3,star,5
12854.4,302.58,93265.44,push,3,3,True,3,clique,9
68931.72,345.73,674761.67,pull,5,5,True,1,clique,9
9801.48,203.56,100319.1,pull_anticipation,3,5,True,1,star,0
62183.16,124.22,1009768.8,pull,3,3,False,1,star,3
48846.72,935.6,186670.27,pull_anticipation,5,5,True,3,clique,7
69895.8,206.82,682612.79,pull_anticipation,3,5,False,1,star,4
117376.74,489.68,819619.62,pull,5,3,True,3,clique,4
62665.2,301.33,439261.07,push,3,3,False,3,star,3
46275.84,205.47,752747.76,pull,5,3,True,1,clique,1
48043.32,341.81,471321.76,pull_anticipation,5,5,True,1,star,6
6748.56,122.16,112581.69,pull_anticipation,3,3,False,1,star,9
28922.4,123.49,471321.76,push,3,3,False,1,star,6
10845.9,489.51,81501.46,push,5,3,False,3,clique,1
5945.16,122.56,100319.1,push,3,3,False,1,clique,0
69574.44,205.57,1130440.94,pull,5,3,True,1,star,7
8114.34,204.16,134203.53,push,5,3,False,1,clique,8
314852.46,1197.63,1182070.26,push,5,5,True,3,star,8
11890.32,994.77,49200.15,push,5,5,False,3,clique,6
69895.8,124.46,1134820.29,pull,3,3,False,1,star,1
44187.0,559.33,171251.13,pull_anticipation,3,5,True,3,clique,2
55675.62,211.25,544215.87,push,3,5,True,1,star,7
5945.16,122.4,100319.1,push,3,3,True,1,clique,0
55675.62,209.81,543578.02,push,3,5,True,1,star,1
15987.66,540.88,116108.99,push,5,3,False,3,clique,7
17755.14,517.51,128026.81,push,5,3,True,3,clique,5
74876.88,124.61,1217285.32,pull,3,3,False,1,star,7
36795.72,933.59,142092.56,pull_anticipation,5,5,True,3,clique,0
27476.28,123.31,447316.23,pull_anticipation,3,3,True,1,clique,1
49248.42,780.91,190658.83,push,3,5,True,3,clique,8
17433.78,211.94,173757.18,push,3,5,True,1,clique,2
6909.24,122.9,115033.51,push,3,3,False,1,clique,7
24343.02,205.39,241690.24,pull_anticipation,3,5,False,1,clique,6
13175.76,341.59,132363.29,pull_anticipation,5,5,False,1,clique,3
78492.18,207.02,767898.92,pull,3,5,True,1,star,8
24021.66,203.89,392631.37,pull_anticipation,5,3,False,1,star,8
38081.16,207.44,374401.14,pull,3,5,True,1,clique,2
40089.66,206.53,392642.51,pull,3,5,True,1,clique,8
66200.16,303.67,464050.15,push,3,3,False,3,star,8
59612.28,345.0,585400.36,pull,5,5,True,1,clique,8
6909.24,204.66,115033.51,push,5,3,False,1,clique,7
158992.86,540.71,600437.61,pull_anticipation,3,5,True,3,star,9
23218.26,290.35,167608.66,pull_anticipation,3,3,False,3,clique,7
17594.46,650.35,69880.32,push,3,5,False,3,clique,4
57764.46,205.11,939420.48,pull,5,3,True,1,star,1
21450.78,208.39,350528.62,push,5,3,True,1,clique,5
26994.24,480.08,190943.31,pull_anticipation,5,3,True,3,clique,6
115850.28,208.41,1130440.94,pull,3,5,True,1,star,7
91025.22,345.07,888933.38,pull,5,5,False,1,clique,7
74957.22,344.56,732402.48,pull,5,5,True,1,clique,4
416723.58,557.0,1561617.22,pull,3,5,True,3,star,7
158912.52,956.38,599017.42,push,5,5,True,3,star,7
55675.62,341.91,544215.87,pull_anticipation,5,5,True,1,star,7
77849.46,293.66,545357.41,pull,3,3,True,3,clique,8
19843.98,1040.3,77627.63,push,5,5,False,3,clique,8
18799.56,124.6,307981.54,push,3,3,False,1,star,4
37438.44,294.49,265034.4,push,3,3,True,3,star,9
401298.3,909.87,1506756.74,pull,5,5,True,3,star,0
31493.28,204.34,513618.33,pull_anticipation,5,3,False,1,star,3
50533.86,564.79,194484.46,pull_anticipation,3,5,True,3,clique,5
23298.6,551.62,93290.13,pull_anticipation,3,5,False,3,clique,2
61058.4,972.45,233668.1,push,3,5,True,3,clique,9
19442.28,122.74,319511.22,pull_anticipation,3,3,True,1,clique,3
112074.3,939.54,424861.07,pull,5,5,False,3,clique,0
87731.28,206.56,1424856.46,pull,5,3,False,1,star,8
18879.9,206.09,186793.87,push,3,5,False,1,star,8
90302.16,486.77,632286.45,pull,5,3,False,3,clique,6
41937.48,123.59,682612.79,pull,3,3,False,1,clique,4
70217.16,296.26,491675.79,pull,3,3,True,3,clique,0
9801.48,204.71,100319.1,push,3,5,False,1,star,0
48846.72,565.08,186670.27,pull_anticipation,3,5,True,3,clique,7
30609.54,552.64,119104.16,pull_anticipation,3,5,False,3,clique,4
9881.82,203.25,161307.04,pull_anticipation,5,3,False,1,clique,7
21450.78,204.5,350528.62,pull_anticipation,5,3,True,1,star,5
17594.46,1076.33,69880.32,push,5,5,False,3,clique,4
116332.32,208.13,1135353.16,pull,3,5,True,1,star,0
115528.92,344.39,1126999.1,pull_anticipation,5,5,False,1,star,6
5945.16,203.55,100319.1,push,5,3,False,1,star,0
66200.16,301.61,464050.15,push,3,3,True,3,star,8
19442.28,122.64,319511.22,pull_anticipation,3,3,False,1,clique,3
23218.26,482.27,167608.66,pull_anticipation,5,3,False,3,clique,7
66200.16,288.52,464050.15,pull_anticipation,3,3,False,3,star,8
70297.5,559.56,268451.86,pull,3,5,False,3,clique,5
102192.48,954.65,385574.37,push,5,5,False,3,star,5
17433.78,342.2,173757.18,pull_anticipation,5,5,True,1,clique,2
69895.8,342.81,682612.79,pull_anticipation,5,5,False,1,star,4
52462.02,224.41,513737.46,push,3,5,False,1,star,3
109182.06,207.26,1772048.42,pull,5,3,False,1,star,1
10122.84,203.48,166007.83,pull_anticipation,5,3,False,1,clique,1
77849.46,525.06,543578.02,push,5,3,False,3,star,1
126937.2,942.46,479650.8,pull,5,5,False,3,clique,9
44990.4,123.69,732402.48,pull,3,3,True,1,star,4
23780.64,482.85,171251.13,pull_anticipation,5,3,True,3,clique,2
49971.48,297.69,350528.62,push,3,3,False,3,star,5
74957.22,375.79,732402.48,push,5,5,False,1,star,4
9881.82,125.63,161891.49,push,3,3,False,1,clique,3
69815.46,205.59,1135353.16,pull,5,3,True,1,star,0
9962.16,204.49,99536.25,pull_anticipation,3,5,False,1,clique,9
11649.3,340.89,116654.45,pull_anticipation,5,5,False,1,clique,2
6748.56,203.39,112581.69,pull_anticipation,5,3,False,1,clique,9
6909.24,122.1,115033.51,pull_anticipation,3,3,True,1,clique,7
19522.62,906.6,77214.83,pull_anticipation,5,5,False,3,clique,9
62665.2,296.1,439261.07,push,3,3,True,3,star,3
67405.26,206.67,658662.35,pull_anticipation,3,5,False,1,star,1
36876.06,204.66,599161.3,pull,5,3,True,1,clique,8
61058.4,559.65,233668.1,pull,3,5,False,3,clique,9
125009.04,581.81,471734.55,push,3,5,False,3,star,6
23780.64,541.83,171251.13,push,5,3,True,3,clique,2
8757.06,605.67,37970.25,push,3,5,False,3,clique,3
8596.38,208.54,89069.59,push,3,5,False,1,clique,4
25949.82,913.33,101191.58,pull_anticipation,5,5,False,3,clique,8
7632.3,207.28,77214.83,push,3,5,False,1,clique,9
18879.9,215.12,186793.87,push,3,5,True,1,clique,8
67244.58,506.6,471734.55,push,5,3,False,3,star,6
68530.02,498.65,478701.28,push,5,3,True,3,star,0
5945.16,122.06,100319.1,push,3,3,True,1,star,0
50533.86,936.75,194484.46,pull_anticipation,5,5,True,3,clique,5
42580.2,123.13,692450.2,pull,3,3,True,1,star,6
61058.4,566.62,233668.1,pull_anticipation,3,5,True,3,clique,9
104361.66,491.5,729644.38,pull,5,3,True,3,clique,0
35670.96,349.52,350528.62,push,5,5,True,1,star,5
23298.6,915.92,93290.13,pull_anticipation,5,5,False,3,clique,2
418009.02,357.35,4067852.73,pull,5,5,False,1,star,0
93515.76,206.68,1518565.52,pull,5,3,False,1,star,7
91105.56,566.75,345331.83,pull,3,5,True,3,clique,8
158992.86,898.2,600437.61,pull_anticipation,5,5,True,3,star,9
158028.78,294.22,1099787.83,pull,3,3,False,3,star,2
76323.0,344.71,744640.37,pull,5,5,False,1,clique,6
58889.22,291.05,412866.4,pull,3,3,True,3,clique,6
90302.16,345.69,882180.2,pull,5,5,False,1,clique,0
69895.8,358.65,682612.79,push,5,5,True,1,star,4
30529.2,344.14,299412.37,pull_anticipation,5,5,True,1,clique,1
14782.56,340.32,147394.14,pull_anticipation,5,5,False,1,clique,4
238047.42,550.1,893911.4,pull_anticipation,3,5,True,3,star,2
9399.78,209.15,96854.87,push,3,5,False,1,clique,5
29806.14,484.11,210437.45,pull_anticipation,5,3,True,3,clique,0
162527.82,484.04,1131768.58,pull,5,3,True,3,star,8
66200.16,479.22,464050.15,pull_anticipation,5,3,False,3,star,8
95122.56,206.59,1543734.1,pull,5,3,False,1,star,3
55675.62,341.49,543578.02,pull_anticipation,5,5,True,1,star,1
7792.98,204.77,81501.46,pull_anticipation,3,5,False,1,clique,1
52221.0,205.21,849527.44,pull,5,3,True,1,clique,3
30689.88,355.46,303902.45,push,5,5,False,1,star,2
66682.2,289.17,467043.61,pull,3,3,True,3,star,2
158912.52,576.69,599017.42,push,3,5,True,3,star,7
100023.3,569.36,378317.75,pull,3,5,True,3,clique,1
158912.52,635.75,599017.42,push,3,5,False,3,star,7
158912.52,953.5,599017.42,pull,5,5,True,3,clique,7
18879.9,341.18,186793.87,pull_anticipation,5,5,True,1,clique,8
29565.12,342.02,289961.19,pull_anticipation,5,5,True,1,star,9
48043.32,356.72,471321.76,push,5,5,False,1,star,6
54631.2,560.51,209298.59,pull,3,5,False,3,clique,1
76644.36,528.74,538103.87,push,5,3,False,3,star,4
37438.44,287.05,265034.4,pull_anticipation,3,3,True,3,star,9
112234.98,343.97,1096885.38,pull,5,5,True,1,star,3
77849.46,481.95,543578.02,pull_anticipation,5,3,True,3,star,1
152967.36,482.13,1065614.21,pull,5,3,True,3,star,6
77929.8,290.12,544215.87,pull_anticipation,3,3,False,3,star,7
40250.34,287.45,284601.25,pull_anticipation,3,3,True,3,star,2
48927.06,292.89,343131.42,pull,3,3,False,3,clique,2
36795.72,739.08,142092.56,push,3,5,True,3,clique,0
18799.56,124.6,307981.54,push,3,3,False,1,clique,4
18719.22,289.39,134203.53,pull_anticipation,3,3,False,3,clique,8
41937.48,123.71,682612.79,pull,3,3,True,1,clique,4
36233.34,827.34,139727.63,push,3,5,True,3,clique,4
23780.64,290.51,171251.13,pull_anticipation,3,3,True,3,clique,2
213945.42,486.61,1491144.09,pull,5,3,True,3,star,4
145335.06,344.85,1416632.98,pull,5,5,True,1,star,7
158992.86,612.94,600437.61,push,3,5,True,3,star,9
33421.44,123.29,543578.02,pull,3,3,False,1,clique,1
65396.76,208.5,638053.7,pull,3,5,True,1,clique,5
158912.52,899.86,599017.42,pull_anticipation,5,5,True,3,star,7
125009.04,917.97,471734.55,push,5,5,True,3,star,6
11327.94,122.32,185213.48,pull_anticipation,3,3,True,1,clique,8
40250.34,293.76,284601.25,push,3,3,True,3,star,2
88775.7,345.56,864657.52,pull,5,5,False,1,clique,5
78492.18,343.41,767898.92,pull_anticipation,5,5,False,1,star,8
79938.3,564.84,304233.27,pull,3,5,False,3,clique,4
77528.1,291.8,542471.27,pull,3,3,True,3,clique,4
127660.26,209.21,1244523.53,pull_anticipation,3,5,False,1,star,3
5945.16,203.37,100319.1,pull_anticipation,5,3,False,1,clique,0
17996.16,290.82,128484.47,pull_anticipation,3,3,True,3,clique,3
6186.18,122.02,103290.41,pull_anticipation,3,3,False,1,clique,2
77046.06,206.71,750847.86,pull,3,5,True,1,star,4
5945.16,203.06,100319.1,pull_anticipation,5,3,True,1,star,0
127660.26,345.21,1244523.53,pull_anticipation,5,5,False,1,star,3
8757.06,1007.59,37970.25,push,5,5,False,3,clique,3
30689.88,1139.02,120690.86,push,5,5,True,3,clique,6
33421.44,123.26,545357.41,pull,3,3,True,1,clique,8
21049.08,343.86,209313.48,pull_anticipation,5,5,True,1,clique,9
18638.88,354.07,186077.26,push,5,5,True,1,clique,2
17192.76,290.02,123979.03,pull_anticipation,3,3,True,3,clique,7
76323.0,480.4,534071.17,pull_anticipation,5,3,False,3,star,9
49971.48,494.33,350528.62,push,5,3,False,3,star,5
11890.32,598.81,49200.15,push,3,5,False,3,clique,6
89739.78,572.47,339189.66,pull,3,5,True,3,clique,0
49971.48,477.96,350528.62,pull_anticipation,5,3,True,3,star,5
60013.98,343.83,589345.12,pull,5,5,False,1,clique,2
127338.9,989.15,479898.72,push,5,5,False,3,star,0
14862.9,502.73,108099.15,push,5,3,False,3,clique,4
9078.42,122.26,150164.19,pull_anticipation,3,3,False,1,clique,5
152163.96,346.63,1483287.02,pull,5,5,True,1,star,2
56880.72,566.75,217761.18,pull_anticipation,3,5,True,3,clique,1
35028.24,706.05,134059.6,push,3,5,True,3,clique,3
102995.88,928.21,390189.64,pull,5,5,False,3,clique,6
6909.24,204.66,115033.51,push,5,3,False,1,star,7
67405.26,345.62,658662.35,pull,5,5,True,1,clique,1
54470.52,205.17,885560.29,pull,5,3,False,1,clique,6
100826.7,488.02,704044.65,pull,5,3,True,3,clique,8
24503.7,205.91,241476.45,pull_anticipation,3,5,True,1,clique,4
184299.96,211.68,1794563.83,pull,3,5,False,1,star,9
151280.22,952.01,569435.71,pull,5,5,True,3,clique,3
37599.12,123.39,611444.06,pull,3,3,False,1,clique,5
6748.56,122.58,112581.69,push,3,3,False,1,star,9
19522.62,1081.56,77214.83,push,5,5,False,3,clique,9
23780.64,556.48,92542.32,pull_anticipation,3,5,False,3,clique,0
6748.56,204.13,112581.69,push,5,3,False,1,clique,9
15666.3,122.82,257256.41,push,3,3,True,1,clique,6
61058.4,937.33,233668.1,pull_anticipation,5,5,True,3,clique,9
122116.8,343.82,1189471.4,pull,5,5,True,1,star,0
24503.7,342.25,241476.45,pull_anticipation,5,5,True,1,clique,4
8114.34,203.43,134203.53,pull_anticipation,5,3,False,1,clique,8
36233.34,1349.02,139727.63,push,5,5,True,3,clique,4
90784.2,290.2,636023.43,pull,3,3,True,3,star,5
33501.78,123.09,544215.87,pull_anticipation,3,3,False,1,star,7
37518.78,493.97,265034.4,push,5,3,True,3,star,9
17433.78,205.77,173757.18,pull_anticipation,3,5,True,1,clique,2
162126.12,483.1,1130440.94,pull,5,3,True,3,star,7
136176.3,932.49,515118.41,pull,5,5,False,3,clique,8
700725.48,571.63,2623755.29,pull,3,5,False,3,star,7
63870.3,206.05,1037999.8,pull,5,3,False,1,star,2
21450.78,123.09,350528.62,pull_anticipation,3,3,True,1,clique,5
6909.24,122.9,115033.51,push,3,3,False,1,star,7
120108.3,482.19,838852.23,pull,5,3,True,3,star,9
102192.48,890.41,385574.37,pull_anticipation,5,5,True,3,star,5
23619.96,122.87,386110.29,pull,3,3,True,1,clique,9
63066.9,562.18,241690.24,pull_anticipation,3,5,True,3,clique,6
31493.28,123.11,513618.33,pull_anticipation,3,3,False,1,star,3
107414.58,933.58,405674.66,pull,5,5,False,3,clique,1
35831.64,291.12,252366.73,pull,3,3,False,3,clique,9
12774.06,203.59,210177.07,pull_anticipation,5,3,False,1,star,0
15666.3,204.36,257256.41,push,5,3,True,1,clique,6
127338.9,574.79,479898.72,push,3,5,True,3,star,0
44187.0,928.32,171251.13,pull_anticipation,5,5,True,3,clique,2
274923.48,490.89,1912026.99,pull,5,3,False,3,star,6
28199.34,122.93,460097.2,pull,3,3,False,1,clique,7
14943.24,333.01,108898.72,push,3,3,False,3,clique,3
26271.18,314.8,186793.87,push,3,3,True,3,clique,8
262631.46,297.96,1826413.48,pull,3,3,False,3,star,5
15987.66,526.53,116108.99,push,5,3,True,3,clique,7
33501.78,204.43,544215.87,pull,5,3,True,1,clique,7
24584.04,922.43,96854.87,pull_anticipation,5,5,False,3,clique,5
105807.78,208.11,1033082.72,pull_anticipation,3,5,False,1,star,7
51738.96,207.56,507130.37,pull,3,5,False,1,clique,8
52783.38,292.64,370625.06,pull,3,3,True,3,clique,7
15666.3,482.55,112898.5,pull_anticipation,5,3,True,3,clique,9
90784.2,346.84,885582.18,pull,5,5,True,1,clique,6
6507.54,554.88,29554.41,push,3,5,False,3,clique,1
14943.24,553.27,108898.72,push,5,3,False,3,clique,3
18799.56,203.9,307981.54,pull_anticipation,5,3,False,1,clique,4
59210.58,205.78,963499.5,pull,5,3,False,1,clique,4
32377.02,1183.72,124608.68,push,5,5,True,3,clique,1
70217.16,297.19,491675.79,pull,3,3,False,3,clique,0
18799.56,207.2,307981.54,push,5,3,False,1,star,4
125009.04,552.67,471734.55,push,3,5,True,3,star,6
7632.3,345.19,77214.83,push,5,5,False,1,clique,9
35670.96,341.53,350528.62,pull_anticipation,5,5,True,1,star,5
158912.52,542.6,599017.42,pull_anticipation,3,5,True,3,star,7
28922.4,203.93,471321.76,pull_anticipation,5,3,True,1,star,6
216275.28,296.53,1506492.54,pull,3,3,False,3,star,9
32537.7,291.77,229633.5,push,3,3,True,3,star,7
320154.9,916.82,1202276.83,pull_anticipation,5,5,False,3,star,2
21450.78,209.42,350528.62,push,5,3,False,1,star,5
24021.66,558.14,93354.41,pull_anticipation,3,5,False,3,clique,7
19442.28,208.81,319511.22,push,5,3,True,1,star,3
33421.44,124.62,543578.02,push,3,3,False,1,star,1
95925.96,488.0,671320.59,pull,5,3,False,3,clique,7
99782.28,289.38,698138.27,pull,3,3,True,3,star,6
13416.78,340.67,134203.53,pull_anticipation,5,5,False,1,clique,8
64272.0,480.78,450104.6,pull_anticipation,5,3,False,3,star,5
18799.56,123.02,307981.54,push,3,3,True,1,clique,4
19442.28,125.57,319511.22,push,3,3,True,1,star,3
8596.38,347.25,89069.59,push,5,5,False,1,clique,4
20727.72,122.82,339189.66,pull,3,3,False,1,clique,0
158992.86,1062.19,600437.61,push,5,5,False,3,star,9
46034.82,205.28,749285.97,pull,5,3,True,1,clique,9
73511.1,289.53,513737.46,pull_anticipation,3,3,False,3,star,3
67405.26,342.67,658662.35,pull_anticipation,5,5,False,1,star,1
125009.04,537.28,471734.55,pull_anticipation,3,5,True,3,star,6
54631.2,205.22,887997.86,pull,5,3,False,1,clique,7
48043.32,209.29,471321.76,push,3,5,True,1,star,6
55675.62,348.47,543578.02,push,5,5,True,1,star,1
11327.94,122.18,185213.48,pull_anticipation,3,3,True,1,star,8
62183.16,205.71,1009768.8,pull,5,3,False,1,clique,3
24343.02,211.94,241690.24,push,3,5,True,1,clique,6
47721.96,291.97,334978.05,pull,3,3,False,3,clique,1
96488.34,290.42,674761.67,pull,3,3,True,3,star,9
26994.24,289.24,190943.31,pull_anticipation,3,3,False,3,clique,6
302319.42,918.26,1135353.16,pull_anticipation,5,5,False,3,star,0
164134.62,1051.61,620264.94,push,5,5,False,3,star,1
48927.06,293.84,343131.42,pull,3,3,True,3,clique,2
30689.88,341.43,303902.45,pull_anticipation,5,5,True,1,star,2
67244.58,304.91,471734.55,push,3,3,False,3,star,6
30127.5,206.57,295564.8,pull_anticipation,3,5,True,1,clique,5
203340.54,1105.87,764470.95,push,5,5,False,3,star,4
66200.16,287.5,464050.15,pull_anticipation,3,3,True,3,star,8
277815.72,215.02,2704501.18,pull,3,5,False,1,star,8
31332.6,123.11,510671.23,pull,3,3,False,1,clique,9
54470.52,205.28,885560.29,pull,5,3,True,1,clique,6
107816.28,491.06,753348.12,pull,5,3,False,3,clique,4
18879.9,205.12,186793.87,pull_anticipation,3,5,True,1,clique,8
24021.66,1331.91,93354.41,push,5,5,False,3,clique,7
47159.58,204.97,767898.92,pull,5,3,True,1,star,8
18799.56,122.95,307981.54,pull_anticipation,3,3,True,1,clique,4
27476.28,204.78,447316.23,pull_anticipation,5,3,True,1,clique,1
35670.96,210.23,350528.62,push,3,5,True,1,star,5
79054.56,346.53,772565.53,pull,5,5,True,1,clique,2
300150.24,1113.14,1127683.65,push,5,5,True,3,star,3
29565.12,206.82,289961.19,pull,3,5,True,1,clique,9
149111.04,897.06,561859.23,pull_anticipation,5,5,True,3,star,1
24021.66,122.66,392631.37,pull_anticipation,3,3,False,1,star,8
18799.56,122.95,307981.54,pull_anticipation,3,3,True,1,star,4
4579.38,122.52,77024.68,push,3,3,True,1,star,2
149111.04,571.02,561859.23,push,3,5,True,3,star,1
36153.0,123.03,588202.58,pull_anticipation,3,3,False,1,star,6
245278.02,543.22,920816.47,pull_anticipation,3,5,True,3,star,8
68530.02,300.21,478701.28,push,3,3,True,3,star,0
77929.8,481.25,544215.87,pull_anticipation,5,3,False,3,star,7
15666.3,123.14,257256.41,push,3,3,False,1,clique,6
77849.46,290.42,543578.02,pull_anticipation,3,3,True,3,star,1
12934.74,293.54,92542.32,push,3,3,False,3,clique,0
302319.42,548.5,1135353.16,pull,3,5,True,3,star,0
9801.48,339.06,100319.1,pull_anticipation,5,5,True,1,star,0
35670.96,205.45,350528.62,pull_anticipation,3,5,True,1,star,5
34305.18,480.63,241476.45,pull_anticipation,5,3,True,3,clique,4
18799.56,122.66,307981.54,pull_anticipation,3,3,False,1,star,4
18799.56,207.2,307981.54,push,5,3,False,1,clique,4
108378.66,290.67,756780.17,pull,3,3,True,3,star,8
36233.34,557.18,139727.63,pull_anticipation,3,5,True,3,clique,4
77849.46,303.52,543578.02,push,3,3,True,3,star,1
14461.2,122.69,236859.33,pull,3,3,False,1,clique,2
238047.42,662.36,893911.4,push,3,5,True,3,star,2
9801.48,203.78,100319.1,pull_anticipation,3,5,True,1,clique,0
198118.44,485.1,1379653.27,pull,5,3,True,3,star,5
19442.28,203.77,319511.22,pull_anticipation,5,3,False,1,clique,3
33421.44,123.23,543578.02,pull_anticipation,3,3,True,1,star,1
81143.4,487.26,569289.51,pull,5,3,False,3,clique,1
35670.96,561.7,140088.02,pull_anticipation,3,5,True,3,clique,0
6748.56,122.11,112581.69,push,3,3,True,1,star,9
76323.0,488.35,534071.17,pull,5,3,True,3,clique,9
11327.94,122.36,185213.48,push,3,3,False,1,star,8
4579.38,122.04,77024.68,pull_anticipation,3,3,True,1,star,2
13979.16,122.62,229466.1,pull_anticipation,3,3,False,1,star,2
17996.16,481.61,128484.47,pull_anticipation,5,3,False,3,clique,3
14782.56,204.58,147394.14,pull_anticipation,3,5,False,1,clique,4
58567.86,345.06,573671.78,pull,5,5,True,1,clique,0
48043.32,214.68,471321.76,push,3,5,False,1,star,6
300150.24,916.93,1127445.4,pull_anticipation,5,5,False,3,star,6
50132.16,207.62,491675.79,pull,3,5,False,1,clique,0
77849.46,503.94,543578.02,push,5,3,True,3,star,1
23780.64,483.13,169003.73,pull_anticipation,5,3,True,3,clique,5
224389.62,296.11,1561276.08,pull,3,3,False,3,star,7
63629.28,124.46,1034293.24,pull,3,3,False,1,star,4
20567.04,287.74,147394.14,pull_anticipation,3,3,False,3,clique,4
18879.9,203.85,186793.87,pull_anticipation,3,5,True,1,star,8
19442.28,203.98,319511.22,pull_anticipation,5,3,True,1,clique,3
14220.18,502.94,102500.14,push,5,3,False,3,clique,6
24503.7,217.03,241476.45,push,3,5,True,1,clique,4
14621.88,608.97,58133.07,push,3,5,False,3,clique,0
102192.48,535.89,385574.37,pull_anticipation,3,5,True,3,star,5
151762.26,345.24,1479306.7,pull,5,5,True,1,star,1
24343.02,342.73,241690.24,pull_anticipation,5,5,True,1,clique,6
11327.94,205.09,185213.48,push,5,3,True,1,clique,8
16469.7,340.85,163041.36,pull_anticipation,5,5,False,1,clique,7
279743.88,298.51,1947257.33,pull,3,3,False,3,star,3
19442.28,646.6,77024.68,push,3,5,False,3,clique,2
68530.02,288.43,478701.28,pull_anticipation,3,3,True,3,star,0
337267.32,493.22,2345758.38,pull,5,3,False,3,star,2
76644.36,517.49,538103.87,push,5,3,True,3,star,4
68530.02,506.44,478701.28,push,5,3,False,3,star,0
21049.08,375.45,209313.48,push,5,5,True,1,clique,9
55675.62,207.92,543578.02,pull,3,5,True,1,clique,1
15987.66,317.26,116108.99,push,3,3,True,3,clique,7
28922.4,203.81,471321.76,pull_anticipation,5,3,False,1,clique,6
100183.98,568.95,378316.9,pull,3,5,True,3,clique,5
25307.1,123.05,413293.62,pull,3,3,True,1,clique,0
69413.76,293.85,487247.69,pull,3,3,False,3,clique,7
9962.16,340.33,99536.25,pull_anticipation,5,5,False,1,clique,9
112556.34,125.91,1825969.43,pull,3,3,False,1,star,5
36554.7,123.4,595556.78,pull,3,3,True,1,star,9
228888.66,213.02,2228781.67,pull,3,5,False,1,star,5
30127.5,365.59,295564.8,push,5,5,True,1,clique,5
42017.82,205.69,412953.85,pull_anticipation,3,5,False,1,star,5
221738.4,485.19,1543734.1,pull,5,3,True,3,star,3
341284.32,492.8,2372749.91,pull,5,3,False,3,star,4
32537.7,293.5,229633.5,push,3,3,False,3,star,7
33823.14,1149.65,131916.6,push,5,5,True,3,clique,2
14220.18,297.98,102500.14,push,3,3,True,3,clique,6
10524.54,497.11,77214.83,push,5,3,False,3,clique,9
81143.4,489.03,569289.51,pull,5,3,True,3,clique,1
13175.76,287.99,96854.87,pull_anticipation,3,3,False,3,clique,5
127820.94,940.19,483725.59,pull,5,5,False,3,clique,4
120349.32,938.62,454956.59,pull,5,5,True,3,clique,4
13818.48,990.77,57960.98,push,5,5,False,3,clique,5
19442.28,209.34,319511.22,push,5,3,False,1,star,3
42017.82,341.65,412953.85,pull_anticipation,5,5,False,1,star,5
40250.34,287.64,284601.25,pull_anticipation,3,3,False,3,star,2
4579.38,203.27,77024.68,pull_anticipation,5,3,True,1,star,2
116332.32,344.27,1135353.16,pull_anticipation,5,5,False,1,star,0
6748.56,122.16,112581.69,pull_anticipation,3,3,True,1,star,9
40250.34,287.64,284601.25,pull_anticipation,3,3,False,3,star,2
16469.7,204.9,163041.36,pull_anticipation,3,5,False,1,clique,7
300150.24,675.07,1127683.65,push,3,5,True,3,star,3
6748.56,203.41,112581.69,pull_anticipation,5,3,True,1,star,9
125009.04,966.31,471734.55,push,5,5,False,3,star,6
26271.18,523.67,186793.87,push,5,3,True,3,clique,8
30127.5,365.59,295564.8,push,5,5,True,1,clique,5
106048.8,343.84,1034293.24,pull,5,5,True,1,star,4
4579.38,204.07,77024.68,push,5,3,True,1,clique,2
25949.82,549.79,101191.58,pull_anticipation,3,5,False,3,clique,8
25628.46,205.05,252366.73,pull_anticipation,3,5,False,1,star,9
24664.38,206.18,245037.11,pull_anticipation,3,5,True,1,clique,7
49248.42,1290.13,190658.83,push,5,5,True,3,clique,8
245278.02,899.06,920816.47,pull_anticipation,5,5,True,3,star,8
74796.54,488.36,522873.83,pull,5,3,True,3,clique,2
62665.2,288.5,439261.07,pull_anticipation,3,3,True,3,star,3
46195.5,204.93,752673.49,pull,5,3,True,1,clique,5
76644.36,481.03,538103.87,pull_anticipation,5,3,False,3,star,4
32537.7,485.17,229633.5,push,5,3,True,3,star,7
55434.6,205.53,900998.93,pull,5,3,True,1,clique,0
34144.5,1170.04,132448.0,push,5,5,True,3,clique,3
18879.9,339.35,186793.87,pull_anticipation,5,5,True,1,star,8
110628.18,207.26,1794563.83,pull,5,3,False,1,star,9
90864.54,933.05,343131.42,pull,5,5,False,3,clique,2
115528.92,343.66,1126999.1,pull,5,5,True,1,star,6
300150.24,761.91,1127683.65,push,3,5,False,3,star,3
34305.18,328.0,241476.45,push,3,3,True,3,clique,4
11327.94,203.57,185213.48,pull_anticipation,5,3,True,1,clique,8
208000.26,909.47,782216.13,pull_anticipation,5,5,False,3,star,5
314852.46,777.57,1182070.26,push,3,5,False,3,star,8
130150.8,948.67,491675.79,pull,5,5,True,3,clique,0
100023.3,565.65,378268.29,pull,3,5,True,3,clique,6
21450.78,125.97,350528.62,push,3,3,False,1,star,5
6186.18,203.15,103290.41,pull_anticipation,5,3,False,1,clique,2
833607.84,578.86,3121985.45,pull,3,5,False,3,star,4
127338.9,538.17,479898.72,pull_anticipation,3,5,True,3,star,0
300150.24,550.61,1127683.65,pull_anticipation,3,5,True,3,star,3
213945.42,296.41,1491144.09,pull,3,3,False,3,star,4
50533.86,852.47,194484.46,push,3,5,True,3,clique,5
203340.54,904.39,764470.95,pull_anticipation,5,5,True,3,star,4
143487.24,941.36,540899.39,pull,5,5,True,3,clique,6
174739.5,549.18,658662.35,pull_anticipation,3,5,False,3,star,1
11649.3,204.84,116654.45,pull_anticipation,3,5,False,1,clique,2
9801.48,339.39,100319.1,pull_anticipation,5,5,True,1,clique,0
76644.36,318.63,538103.87,push,3,3,False,3,star,4
32377.02,722.34,124608.68,push,3,5,True,3,clique,1
24021.66,926.63,93354.41,pull_anticipation,5,5,False,3,clique,7
250259.1,910.91,940272.73,pull_anticipation,5,5,False,3,star,4
207437.88,296.05,1443124.56,pull,3,3,False,3,star,8
28922.4,204.02,471321.76,pull_anticipation,5,3,True,1,clique,6
6748.56,122.16,112581.69,pull_anticipation,3,3,True,1,clique,9
32296.68,207.38,319230.83,pull,3,5,False,1,clique,9
459785.82,912.67,1725178.19,pull,5,5,True,3,star,7
61058.4,1596.12,233668.1,push,5,5,True,3,clique,9
57041.4,207.09,556061.92,pull,3,5,False,1,clique,6
18799.56,204.42,307981.54,pull_anticipation,5,3,True,1,clique,4
300150.24,1259.34,1127683.65,push,5,5,False,3,star,3
258534.12,214.82,2518228.96,pull,3,5,False,1,star,0
17433.78,509.74,124607.56,push,5,3,True,3,clique,1
45151.08,294.07,319230.83,pull,3,3,True,3,clique,9
21450.78,207.83,350528.62,push,5,3,True,1,star,5
64272.0,293.5,450104.6,pull,3,3,True,3,clique,5
76644.36,311.94,538103.87,push,3,3,True,3,star,4
86365.5,566.89,327569.56,pull,3,5,False,3,clique,7
300150.24,555.37,1127445.4,pull_anticipation,3,5,False,3,star,6
488226.18,359.39,4751352.98,pull,5,5,False,1,star,3
79054.56,207.67,772565.53,pull,3,5,True,1,star,2
14621.88,1011.57,58133.07,push,5,5,False,3,clique,0
173775.42,483.62,1209923.44,pull,5,3,True,3,star,1
17433.78,306.57,124607.56,push,3,3,True,3,clique,1
105807.78,344.09,1033082.72,pull_anticipation,5,5,False,1,star,7
6909.24,203.34,115033.51,pull_anticipation,5,3,True,1,clique,7
64030.98,205.25,1042074.81,pull,5,3,True,1,star,6
83071.56,346.53,811832.81,pull,5,5,True,1,clique,3
477781.98,917.75,1791851.27,pull,5,5,True,3,star,2
9801.48,206.2,100319.1,push,3,5,False,1,clique,0
30609.54,917.44,119104.16,pull_anticipation,5,5,False,3,clique,4
49569.78,205.13,806124.86,pull,5,3,True,1,star,9
52462.02,207.2,513737.46,pull_anticipation,3,5,True,1,star,3
102192.48,930.48,385574.37,push,5,5,True,3,star,5
17433.78,483.47,124607.56,pull_anticipation,5,3,True,3,clique,1
33421.44,205.95,543578.02,push,5,3,True,1,star,1
67646.28,555.35,257256.41,pull,3,5,False,3,clique,6
105807.78,346.38,1033082.72,pull,5,5,True,1,clique,7
36233.34,924.61,139727.63,pull_anticipation,5,5,True,3,clique,4
203340.54,600.77,764470.95,push,3,5,True,3,star,4
18799.56,204.42,307981.54,pull_anticipation,5,3,True,1,star,4
158912.52,1053.15,599017.42,push,5,5,False,3,star,7
53988.48,291.36,378316.9,pull,3,3,False,3,clique,5
7792.98,346.02,81501.46,push,5,5,False,1,clique,1
26271.18,545.48,102500.14,pull_anticipation,3,5,False,3,clique,6
14943.24,541.7,108898.72,push,5,3,True,3,clique,3
37358.1,206.39,365359.72,pull,3,5,False,1,clique,4
32457.36,370.33,319511.22,push,5,5,True,1,clique,3
86526.18,487.54,604427.32,pull,5,3,False,3,clique,5
55675.62,353.22,543578.02,push,5,5,False,1,star,1
24584.04,554.76,96854.87,pull_anticipation,3,5,False,3,clique,5
12774.06,351.61,128026.81,push,5,5,False,1,clique,5
35670.96,213.08,350528.62,push,3,5,False,1,star,5
66200.16,504.52,464050.15,push,5,3,False,3,star,8
515943.48,912.64,1932203.23,pull,5,5,True,3,star,8
28922.4,122.78,471321.76,pull_anticipation,3,3,True,1,clique,6
37518.78,477.59,265034.4,pull_anticipation,5,3,True,3,star,9
6748.56,203.33,112581.69,push,5,3,True,1,clique,9
49248.42,561.6,190658.83,pull_anticipation,3,5,True,3,clique,8
87490.26,206.3,1420035.71,pull,5,3,False,1,star,6
132078.96,290.68,920390.52,pull,3,3,True,3,star,0
158912.52,1053.15,599017.42,push,5,5,False,3,star,7
5945.16,122.22,100319.1,push,3,3,False,1,star,0
10203.18,205.7,102500.14,push,3,5,False,1,clique,6
56800.38,124.16,924280.84,pull,3,3,False,1,star,8
30529.2,207.24,299412.37,pull_anticipation,3,5,True,1,clique,1
118260.48,208.75,1154908.47,pull,3,5,True,1,star,5
113520.42,207.54,1840818.32,pull,5,3,False,1,star,4
102192.48,560.02,385574.37,push,3,5,True,3,star,5
42580.2,123.41,692450.2,pull,3,3,True,1,clique,6
105807.78,206.92,1717077.15,pull,5,3,False,1,star,0
10203.18,342.56,102500.14,push,5,5,False,1,clique,6
63066.9,931.03,241690.24,pull_anticipation,5,5,True,3,clique,6
77046.06,206.7,752747.76,pull,3,5,True,1,star,1
68530.02,479.15,478701.28,pull_anticipation,5,3,True,3,star,0
7471.62,493.68,57960.98,push,5,3,False,3,clique,5
90864.54,933.05,343131.42,pull,5,5,False,3,clique,2
69815.46,124.35,1135353.16,pull,3,3,False,1,star,0
116332.32,208.31,1135353.16,pull_anticipation,3,5,False,1,star,0
18879.9,343.06,186793.87,push,5,5,False,1,star,8
408769.92,356.54,3978243.1,pull,5,5,False,1,star,9
150958.86,345.36,1471349.57,pull,5,5,True,1,star,5
238047.42,910.16,893911.4,pull_anticipation,5,5,True,3,star,2
77849.46,316.28,543578.02,push,3,3,False,3,star,1
81464.76,559.9,308189.82,pull,3,5,False,3,clique,8
9801.48,204.93,100319.1,push,3,5,True,1,clique,0
42098.16,564.07,161891.49,pull_anticipation,3,5,True,3,clique,3
55675.62,212.67,543578.02,push,3,5,False,1,star,1
9801.48,340.94,100319.1,push,5,5,False,1,star,0
79938.3,565.6,304233.27,pull,3,5,True,3,clique,4
66200.16,501.09,464050.15,push,5,3,True,3,star,8
42499.86,484.16,299437.35,pull_anticipation,5,3,True,3,clique,8
351407.16,354.46,3418372.71,pull,5,5,False,1,star,1
78492.18,207.34,767898.92,pull_anticipation,3,5,False,1,star,8
36795.72,1220.77,142092.56,push,5,5,True,3,clique,0
32457.36,207.4,319511.22,pull_anticipation,3,5,True,1,clique,3
42821.22,342.01,421313.22,pull_anticipation,5,5,False,1,star,2
61781.46,207.94,603960.87,pull,3,5,False,1,clique,5
29565.12,212.71,289961.19,push,3,5,False,1,star,9
84357.0,479.55,589213.39,pull_anticipation,5,3,False,3,star,6
32939.4,207.14,323577.52,pull,3,5,True,1,clique,0
32537.7,476.91,229633.5,pull_anticipation,5,3,True,3,star,7
25628.46,205.14,252366.73,pull_anticipation,3,5,True,1,star,9
109664.1,568.6,413498.28,pull,3,5,True,3,clique,9
119786.94,939.28,452290.23,pull,5,5,False,3,clique,3
69895.8,217.03,682612.79,push,3,5,True,1,star,4
68530.02,479.91,478701.28,pull_anticipation,5,3,False,3,star,0
50533.86,1394.95,194484.46,push,5,5,True,3,clique,5
314852.46,1278.91,1182070.26,push,5,5,False,3,star,8
292919.64,491.44,2037733.83,pull,5,3,False,3,star,1
77849.46,289.64,543578.02,pull_anticipation,3,3,False,3,star,1
42499.86,291.69,299437.35,pull_anticipation,3,3,True,3,clique,8
76644.36,481.21,538103.87,pull_anticipation,5,3,True,3,star,4
201091.02,548.2,757250.47,pull_anticipation,3,5,False,3,star,9
91587.6,488.13,640085.76,pull,5,3,True,3,clique,5
203340.54,600.77,764470.95,push,3,5,True,3,star,4
100425.0,572.47,380671.43,pull,3,5,True,3,clique,3
69413.76,124.34,1126999.1,pull,3,3,False,1,star,6
250259.1,550.85,940272.73,pull_anticipation,3,5,False,3,star,4
149111.04,618.74,561859.23,push,3,5,False,3,star,1
452153.52,554.69,1693968.08,pull,3,5,True,3,star,8
179640.24,483.87,1252367.7,pull,5,3,True,3,star,0
158992.86,1016.91,600437.61,push,5,5,True,3,star,9
449261.28,497.31,3123343.83,pull,5,3,False,3,star,5
208000.26,549.23,782216.13,pull_anticipation,3,5,False,3,star,5
87168.9,486.28,608070.38,pull,5,3,False,3,clique,8
126455.16,344.55,1233391.63,pull,5,5,True,1,star,9
104361.66,491.21,729644.38,pull,5,3,False,3,clique,0
213945.42,296.41,1491144.09,pull,3,3,False,3,star,4
238047.42,1094.31,893911.4,push,5,5,True,3,star,2
314852.46,731.29,1182070.26,push,3,5,True,3,star,8
397200.96,551.16,1491144.09,pull,3,5,True,3,star,4
451751.82,496.83,3139930.04,pull,5,3,False,3,star,3
357271.98,493.33,2483901.42,pull,5,3,False,3,star,8
139389.9,941.2,526575.14,pull,5,5,False,3,clique,7
174739.5,910.12,658662.35,pull_anticipation,5,5,False,3,star,1
122438.16,942.18,464137.26,pull,5,5,False,3,clique,5
497786.64,911.29,1865902.5,pull,5,5,True,3,star,4
278137.08,215.29,2708551.69,pull,3,5,False,1,star,3
242225.1,296.64,1686166.89,pull,3,3,False,3,star,0
401539.32,909.61,1506492.54,pull,5,5,True,3,star,9
364743.6,494.07,2537690.56,pull,5,3,False,3,star,9
238047.42,910.16,893911.4,pull_anticipation,5,5,True,3,star,2
302319.42,556.04,1135353.16,pull_anticipation,3,5,False,3,star,0
364984.62,354.83,3553221.39,pull,5,5,False,1,star,6
382338.06,356.05,3719844.84,pull,5,5,False,1,star,5
275325.18,553.1,1034496.99,pull_anticipation,3,5,False,3,star,7
362654.76,494.15,2522302.03,pull,5,3,False,3,star,7
487262.1,559.53,1826830.36,pull,3,5,True,3,star,1
314852.46,1278.91,1182070.26,push,5,5,False,3,star,8
276610.62,490.07,1924496.08,pull,5,3,True,3,star,2
351407.16,354.46,3418372.71,pull,5,5,False,1,star,1
724586.46,574.34,2713377.73,pull,3,5,False,3,star,1
426123.36,560.04,1596793.92,pull_anticipation,3,5,False,3,star,8
292919.64,491.44,2037733.83,pull,5,3,False,3,star,1
320154.9,551.15,1202276.83,pull,3,5,True,3,star,2
331723.86,915.45,1244523.53,pull_anticipation,5,5,False,3,star,3
574913.04,921.1,2154755.43,pull,5,5,True,3,star,1
1324003.2,964.65,4954456.54,pull,5,5,False,3,star,6
418491.06,910.48,1569482.39,pull,5,5,True,3,star,5
357271.98,493.33,2483901.42,pull,5,3,False,3,star,8
401539.32,909.61,1506492.54,pull,5,5,True,3,star,9
397200.96,551.16,1491144.09,pull,3,5,True,3,star,4
463160.1,911.76,1737358.73,pull,5,5,True,3,star,6
487262.1,559.53,1826830.36,pull,3,5,True,3,star,1
609298.56,363.22,5927273.31,pull,5,5,False,1,star,8
449261.28,497.31,3123343.83,pull,5,3,False,3,star,5
451751.82,496.83,3139930.04,pull,5,3,False,3,star,3
883740.0,581.68,3310044.21,pull,3,5,False,3,star,9
452153.52,554.69,1693968.08,pull,3,5,True,3,star,8
497786.64,911.29,1865902.5,pull,5,5,True,3,star,4
741538.2,576.19,2775948.22,pull,3,5,False,3,star,5
574913.04,921.1,2154755.43,pull,5,5,True,3,star,1
710205.6,574.4,2658951.45,pull,3,5,False,3,star,0
827421.66,577.16,3098645.11,pull,3,5,False,3,star,2
741538.2,576.19,2775948.22,pull,3,5,False,3,star,5
1006499.52,583.21,3767568.51,pull,3,5,False,3,star,8
1108852.68,590.15,4150601.08,pull,3,5,False,3,star,3
1230648.12,961.49,4606843.83,pull,5,5,False,3,star,5
8034.0,341.97,81341.68,push,5,5,False,1,clique,8
15585.96,1053.98,62089.57,push,5,5,False,3,clique,1
24343.02,352.5,241690.24,push,5,5,True,1,clique,6
23780.64,325.89,171251.13,push,3,3,True,3,clique,2
17996.16,290.16,128484.47,pull_anticipation,3,3,False,3,clique,3
30689.88,206.72,303902.45,push,3,5,True,1,star,2
30127.5,219.96,295564.8,push,3,5,True,1,clique,5
33421.44,123.99,543578.02,push,3,3,True,1,star,1
32537.7,286.68,229633.5,pull_anticipation,3,3,True,3,star,7
40411.02,123.71,658662.35,pull,3,3,True,1,clique,1
33823.14,698.02,131916.6,push,3,5,True,3,clique,2
33501.78,122.98,544215.87,pull,3,3,True,1,star,7
26994.24,480.67,190943.31,pull_anticipation,5,3,False,3,clique,6
6748.56,122.58,112581.69,push,3,3,False,1,clique,9
49971.48,487.8,350528.62,push,5,3,True,3,star,5
76644.36,207.13,749285.97,pull,3,5,True,1,star,9
6909.24,122.59,115033.51,push,3,3,True,1,star,7
55675.62,219.5,544215.87,push,3,5,False,1,star,7
37599.12,123.39,611444.06,pull,3,3,True,1,clique,5
21450.78,123.04,350528.62,pull_anticipation,3,3,True,1,star,5
11327.94,203.69,185213.48,push,5,3,False,1,star,8
90784.2,207.05,885582.18,pull,3,5,True,1,star,6
49569.78,123.89,806124.86,pull,3,3,False,1,star,9
58889.22,291.23,412866.4,pull,3,3,False,3,clique,6
11327.94,575.54,46009.65,push,3,5,False,3,clique,7
19522.62,655.5,77214.83,push,3,5,False,3,clique,9
13818.48,600.54,57960.98,push,3,5,False,3,clique,5
93596.1,346.45,911794.77,pull,5,5,True,1,clique,5
65557.44,565.03,249354.41,pull,3,5,False,3,clique,0
9078.42,122.99,150164.19,push,3,3,False,1,clique,5
19281.6,482.91,140088.02,pull_anticipation,5,3,False,3,clique,0
70538.52,344.9,689838.57,pull,5,5,False,1,clique,3
72386.34,292.76,506117.97,pull,3,3,False,3,clique,4
12854.4,288.52,93265.44,pull_anticipation,3,3,False,3,clique,9
33421.44,207.01,543578.02,push,5,3,False,1,star,1
18076.5,916.43,73004.02,pull_anticipation,5,5,False,3,clique,1
52462.02,352.46,513737.46,push,5,5,True,1,star,3
30689.88,688.8,120690.86,push,3,5,True,3,clique,6
25708.8,204.36,421313.22,pull,5,3,True,1,star,2
37518.78,498.46,265034.4,push,5,3,False,3,star,9
76644.36,289.99,538103.87,pull_anticipation,3,3,True,3,star,4
158992.86,642.58,600437.61,push,3,5,False,3,star,9
29565.12,341.66,289961.19,pull_anticipation,5,5,False,1,star,9
30689.88,343.69,303902.45,push,5,5,True,1,star,2
60576.36,487.06,424879.66,pull,5,3,False,3,clique,9
10122.84,122.25,166007.83,pull_anticipation,3,3,False,1,clique,1
55354.26,207.56,542471.27,pull,3,5,True,1,clique,4
132239.64,940.9,499434.83,pull,5,5,True,3,clique,1
56880.72,938.37,217761.18,pull_anticipation,5,5,True,3,clique,1
34305.18,289.29,241476.45,pull_anticipation,3,3,True,3,clique,4
203661.9,212.1,1983387.63,pull,3,5,False,1,star,1
34305.18,544.79,241476.45,push,5,3,True,3,clique,4
14220.18,288.34,103290.41,pull_anticipation,3,3,False,3,clique,2
25708.8,204.51,421313.22,pull,5,3,False,1,clique,2
27556.62,559.22,108898.72,pull_anticipation,3,5,False,3,clique,3
9078.42,204.75,150164.19,push,5,3,False,1,clique,5
53265.42,205.21,864657.52,pull,5,3,False,1,clique,5
60255.0,208.09,589213.39,pull,3,5,True,1,clique,6
29806.14,709.33,116492.98,push,3,5,True,3,clique,7
112234.98,574.05,424645.36,pull,3,5,True,3,clique,7
55675.62,206.02,544215.87,pull_anticipation,3,5,True,1,star,7
28922.4,204.72,471321.76,push,5,3,True,1,star,6
83071.56,207.34,811832.81,pull,3,5,True,1,star,3
11327.94,123.23,185213.48,push,3,3,True,1,clique,8
5945.16,122.13,100319.1,pull_anticipation,3,3,False,1,clique,0
24343.02,206.1,241690.24,pull_anticipation,3,5,True,1,clique,6
33742.8,206.19,331390.73,pull,3,5,False,1,clique,1
203340.54,990.14,764470.95,push,5,5,True,3,star,4
44669.04,293.74,313483.26,pull,3,3,False,3,clique,3
84357.0,289.05,589213.39,pull_anticipation,3,3,False,3,star,6
73511.1,480.44,513737.46,pull_anticipation,5,3,False,3,star,3
15023.58,340.57,150164.19,pull_anticipation,5,5,False,1,clique,5
4579.38,122.04,77024.68,pull_anticipation,3,3,True,1,clique,2
5945.16,121.93,100319.1,pull_anticipation,3,3,True,1,star,0
331723.86,554.91,1244523.53,pull_anticipation,3,5,False,3,star,3
15666.3,204.89,257256.41,push,5,3,False,1,clique,6
30689.88,214.25,303902.45,push,3,5,False,1,star,2
127338.9,954.18,479898.72,push,5,5,True,3,star,0
426123.36,921.75,1596793.92,pull_anticipation,5,5,False,3,star,8
367153.8,550.73,1377526.51,pull,3,5,True,3,star,3
382418.4,494.49,2658951.45,pull,5,3,False,3,star,0
201091.02,909.9,757250.47,pull_anticipation,5,5,False,3,star,9
300150.24,909.51,1127683.65,pull_anticipation,5,5,True,3,star,3
307541.52,547.75,1154920.48,pull,3,5,True,3,star,5
867350.64,580.98,3248467.54,pull,3,5,False,3,star,6
1139140.86,955.94,4263723.71,pull,5,5,False,3,star,0
1272746.28,960.36,4763791.88,pull,5,5,False,3,star,4
1505812.62,970.21,5633790.6,pull,5,5,False,3,star,2
1286323.74,961.81,4814462.54,pull,5,5,False,3,star,7
1495127.4,969.44,5595055.92,pull,5,5,False,3,star,9
1575708.42,974.54,5895853.89,pull,5,5,False,3,star,1
1669143.84,975.5,6245349.28,pull,5,5,False,3,star,8
1843401.3,985.37,6895911.59,pull,5,5,False,3,star,3
